{
  "bomFormat": "CycloneDX",
  "specVersion": "1.4",
  "serialNumber": "urn:uuid:14332568-cbf0-4c5e-bfff-b080380714da",
  "version": 1,
  "metadata": {
    "timestamp": "2023-08-26T05:21:24Z",
    "tools": [
      {
        "vendor": "GitLab",
        "name": "Gemnasium",
        "version": "4.3.1"
      }
    ],
    "authors": [
      {
        "name": "GitLab",
        "email": "support@gitlab.com"
      }
    ],
    "properties": [
      {
        "name": "gitlab:dependency_scanning:input_file",
        "value": "pom.xml"
      },
      {
        "name": "gitlab:dependency_scanning:input_file:path",
        "value": "pom.xml"
      },
      {
        "name": "gitlab:dependency_scanning:package_manager",
        "value": "maven"
      },
      {
        "name": "gitlab:dependency_scanning:package_manager:name",
        "value": "maven"
      },
      {
        "name": "gitlab:meta:schema_version",
        "value": "1"
      }
    ]
  },
  "components": [
    {
      "name": "classworlds/classworlds",
      "version": "1.1-alpha-2",
      "purl": "pkg:maven/classworlds/classworlds@1.1-alpha-2",
      "type": "library",
      "bom-ref": "pkg:maven/classworlds/classworlds@1.1-alpha-2"
    },
    {
      "name": "com.sun.xml.bind/jaxb-core",
      "version": "2.3.0",
      "purl": "pkg:maven/com.sun.xml.bind/jaxb-core@2.3.0",
      "type": "library",
      "bom-ref": "pkg:maven/com.sun.xml.bind/jaxb-core@2.3.0"
    },
    {
      "name": "com.sun.xml.bind/jaxb-impl",
      "version": "2.3.0",
      "purl": "pkg:maven/com.sun.xml.bind/jaxb-impl@2.3.0",
      "type": "library",
      "bom-ref": "pkg:maven/com.sun.xml.bind/jaxb-impl@2.3.0"
    },
    {
      "name": "com.veracode.annotation/VeracodeAnnotations",
      "version": "1.2.1",
      "purl": "pkg:maven/com.veracode.annotation/VeracodeAnnotations@1.2.1",
      "type": "library",
      "bom-ref": "pkg:maven/com.veracode.annotation/VeracodeAnnotations@1.2.1"
    },
    {
      "name": "commons-codec/commons-codec",
      "version": "1.2",
      "purl": "pkg:maven/commons-codec/commons-codec@1.2",
      "type": "library",
      "bom-ref": "pkg:maven/commons-codec/commons-codec@1.2"
    },
    {
      "name": "commons-fileupload/commons-fileupload",
      "version": "1.3.2",
      "purl": "pkg:maven/commons-fileupload/commons-fileupload@1.3.2",
      "type": "library",
      "bom-ref": "pkg:maven/commons-fileupload/commons-fileupload@1.3.2"
    },
    {
      "name": "commons-httpclient/commons-httpclient",
      "version": "3.1",
      "purl": "pkg:maven/commons-httpclient/commons-httpclient@3.1",
      "type": "library",
      "bom-ref": "pkg:maven/commons-httpclient/commons-httpclient@3.1"
    },
    {
      "name": "commons-io/commons-io",
      "version": "2.4",
      "purl": "pkg:maven/commons-io/commons-io@2.4",
      "type": "library",
      "bom-ref": "pkg:maven/commons-io/commons-io@2.4"
    },
    {
      "name": "commons-logging/commons-logging",
      "version": "1.2",
      "purl": "pkg:maven/commons-logging/commons-logging@1.2",
      "type": "library",
      "bom-ref": "pkg:maven/commons-logging/commons-logging@1.2"
    },
    {
      "name": "javax.activation/activation",
      "version": "1.1",
      "purl": "pkg:maven/javax.activation/activation@1.1",
      "type": "library",
      "bom-ref": "pkg:maven/javax.activation/activation@1.1"
    },
    {
      "name": "javax.mail/mail",
      "version": "1.4.7",
      "purl": "pkg:maven/javax.mail/mail@1.4.7",
      "type": "library",
      "bom-ref": "pkg:maven/javax.mail/mail@1.4.7"
    },
    {
      "name": "javax.servlet/javax.servlet-api",
      "version": "3.0.1",
      "purl": "pkg:maven/javax.servlet/javax.servlet-api@3.0.1",
      "type": "library",
      "bom-ref": "pkg:maven/javax.servlet/javax.servlet-api@3.0.1"
    },
    {
      "name": "javax.servlet/jstl",
      "version": "1.2",
      "purl": "pkg:maven/javax.servlet/jstl@1.2",
      "type": "library",
      "bom-ref": "pkg:maven/javax.servlet/jstl@1.2"
    },
    {
      "name": "javax.xml.bind/jaxb-api",
      "version": "2.3.0",
      "purl": "pkg:maven/javax.xml.bind/jaxb-api@2.3.0",
      "type": "library",
      "bom-ref": "pkg:maven/javax.xml.bind/jaxb-api@2.3.0"
    },
    {
      "name": "junit/junit",
      "version": "3.8.1",
      "purl": "pkg:maven/junit/junit@3.8.1",
      "type": "library",
      "bom-ref": "pkg:maven/junit/junit@3.8.1"
    },
    {
      "name": "log4j/log4j",
      "version": "1.2.17",
      "purl": "pkg:maven/log4j/log4j@1.2.17",
      "type": "library",
      "bom-ref": "pkg:maven/log4j/log4j@1.2.17"
    },
    {
      "name": "mysql/mysql-connector-java",
      "version": "5.1.35",
      "purl": "pkg:maven/mysql/mysql-connector-java@5.1.35",
      "type": "library",
      "bom-ref": "pkg:maven/mysql/mysql-connector-java@5.1.35"
    },
    {
      "name": "org.apache.commons/commons-collections4",
      "version": "4.0",
      "purl": "pkg:maven/org.apache.commons/commons-collections4@4.0",
      "type": "library",
      "bom-ref": "pkg:maven/org.apache.commons/commons-collections4@4.0"
    },
    {
      "name": "org.apache.felix/org.osgi.core",
      "version": "1.2.0",
      "purl": "pkg:maven/org.apache.felix/org.osgi.core@1.2.0",
      "type": "library",
      "bom-ref": "pkg:maven/org.apache.felix/org.osgi.core@1.2.0"
    },
    {
      "name": "org.apache.maven.wagon/wagon-provider-api",
      "version": "1.0-alpha-5",
      "purl": "pkg:maven/org.apache.maven.wagon/wagon-provider-api@1.0-alpha-5",
      "type": "library",
      "bom-ref": "pkg:maven/org.apache.maven.wagon/wagon-provider-api@1.0-alpha-5"
    },
    {
      "name": "org.apache.maven/maven-archiver",
      "version": "2.0",
      "purl": "pkg:maven/org.apache.maven/maven-archiver@2.0",
      "type": "library",
      "bom-ref": "pkg:maven/org.apache.maven/maven-archiver@2.0"
    },
    {
      "name": "org.apache.maven/maven-artifact",
      "version": "2.0",
      "purl": "pkg:maven/org.apache.maven/maven-artifact@2.0",
      "type": "library",
      "bom-ref": "pkg:maven/org.apache.maven/maven-artifact@2.0"
    },
    {
      "name": "org.apache.maven/maven-artifact-manager",
      "version": "2.0",
      "purl": "pkg:maven/org.apache.maven/maven-artifact-manager@2.0",
      "type": "library",
      "bom-ref": "pkg:maven/org.apache.maven/maven-artifact-manager@2.0"
    },
    {
      "name": "org.apache.maven/maven-model",
      "version": "2.0",
      "purl": "pkg:maven/org.apache.maven/maven-model@2.0",
      "type": "library",
      "bom-ref": "pkg:maven/org.apache.maven/maven-model@2.0"
    },
    {
      "name": "org.apache.maven/maven-plugin-api",
      "version": "2.0",
      "purl": "pkg:maven/org.apache.maven/maven-plugin-api@2.0",
      "type": "library",
      "bom-ref": "pkg:maven/org.apache.maven/maven-plugin-api@2.0"
    },
    {
      "name": "org.apache.maven/maven-profile",
      "version": "2.0",
      "purl": "pkg:maven/org.apache.maven/maven-profile@2.0",
      "type": "library",
      "bom-ref": "pkg:maven/org.apache.maven/maven-profile@2.0"
    },
    {
      "name": "org.apache.maven/maven-project",
      "version": "2.0",
      "purl": "pkg:maven/org.apache.maven/maven-project@2.0",
      "type": "library",
      "bom-ref": "pkg:maven/org.apache.maven/maven-project@2.0"
    },
    {
      "name": "org.apache.maven/maven-repository-metadata",
      "version": "2.0",
      "purl": "pkg:maven/org.apache.maven/maven-repository-metadata@2.0",
      "type": "library",
      "bom-ref": "pkg:maven/org.apache.maven/maven-repository-metadata@2.0"
    },
    {
      "name": "org.apache.santuario/xmlsec",
      "version": "1.5.1",
      "purl": "pkg:maven/org.apache.santuario/xmlsec@1.5.1",
      "type": "library",
      "bom-ref": "pkg:maven/org.apache.santuario/xmlsec@1.5.1"
    },
    {
      "name": "org.apache.sling/maven-sling-plugin",
      "version": "2.0.4-incubator",
      "purl": "pkg:maven/org.apache.sling/maven-sling-plugin@2.0.4-incubator",
      "type": "library",
      "bom-ref": "pkg:maven/org.apache.sling/maven-sling-plugin@2.0.4-incubator"
    },
    {
      "name": "org.apache.sling/org.apache.sling.api",
      "version": "2.0.2-incubator",
      "purl": "pkg:maven/org.apache.sling/org.apache.sling.api@2.0.2-incubator",
      "type": "library",
      "bom-ref": "pkg:maven/org.apache.sling/org.apache.sling.api@2.0.2-incubator"
    },
    {
      "name": "org.apache.sling/org.apache.sling.commons.json",
      "version": "2.0.4-incubator",
      "purl": "pkg:maven/org.apache.sling/org.apache.sling.commons.json@2.0.4-incubator",
      "type": "library",
      "bom-ref": "pkg:maven/org.apache.sling/org.apache.sling.commons.json@2.0.4-incubator"
    },
    {
      "name": "org.apache.sling/org.apache.sling.commons.osgi",
      "version": "2.0.2-incubator",
      "purl": "pkg:maven/org.apache.sling/org.apache.sling.commons.osgi@2.0.2-incubator",
      "type": "library",
      "bom-ref": "pkg:maven/org.apache.sling/org.apache.sling.commons.osgi@2.0.2-incubator"
    },
    {
      "name": "org.codehaus.plexus/plexus-archiver",
      "version": "1.0-alpha-3",
      "purl": "pkg:maven/org.codehaus.plexus/plexus-archiver@1.0-alpha-3",
      "type": "library",
      "bom-ref": "pkg:maven/org.codehaus.plexus/plexus-archiver@1.0-alpha-3"
    },
    {
      "name": "org.codehaus.plexus/plexus-container-default",
      "version": "1.0-alpha-8",
      "purl": "pkg:maven/org.codehaus.plexus/plexus-container-default@1.0-alpha-8",
      "type": "library",
      "bom-ref": "pkg:maven/org.codehaus.plexus/plexus-container-default@1.0-alpha-8"
    },
    {
      "name": "org.codehaus.plexus/plexus-utils",
      "version": "1.0.4",
      "purl": "pkg:maven/org.codehaus.plexus/plexus-utils@1.0.4",
      "type": "library",
      "bom-ref": "pkg:maven/org.codehaus.plexus/plexus-utils@1.0.4"
    },
    {
      "name": "org.keycloak/keycloak-saml-core",
      "version": "1.8.1.Final",
      "purl": "pkg:maven/org.keycloak/keycloak-saml-core@1.8.1.Final",
      "type": "library",
      "bom-ref": "pkg:maven/org.keycloak/keycloak-saml-core@1.8.1.Final"
    },
    {
      "name": "org.mindrot/jbcrypt",
      "version": "0.3m",
      "purl": "pkg:maven/org.mindrot/jbcrypt@0.3m",
      "type": "library",
      "bom-ref": "pkg:maven/org.mindrot/jbcrypt@0.3m"
    },
    {
      "name": "org.owasp.encoder/encoder",
      "version": "1.2.1",
      "purl": "pkg:maven/org.owasp.encoder/encoder@1.2.1",
      "type": "library",
      "bom-ref": "pkg:maven/org.owasp.encoder/encoder@1.2.1"
    },
    {
      "name": "org.owasp.encoder/encoder-jsp",
      "version": "1.2.1",
      "purl": "pkg:maven/org.owasp.encoder/encoder-jsp@1.2.1",
      "type": "library",
      "bom-ref": "pkg:maven/org.owasp.encoder/encoder-jsp@1.2.1"
    },
    {
      "name": "org.slf4j/slf4j-api",
      "version": "1.7.7",
      "purl": "pkg:maven/org.slf4j/slf4j-api@1.7.7",
      "type": "library",
      "bom-ref": "pkg:maven/org.slf4j/slf4j-api@1.7.7"
    },
    {
      "name": "org.slf4j/slf4j-log4j12",
      "version": "1.7.7",
      "purl": "pkg:maven/org.slf4j/slf4j-log4j12@1.7.7",
      "type": "library",
      "bom-ref": "pkg:maven/org.slf4j/slf4j-log4j12@1.7.7"
    },
    {
      "name": "org.springframework/spring-aop",
      "version": "4.3.10.RELEASE",
      "purl": "pkg:maven/org.springframework/spring-aop@4.3.10.RELEASE",
      "type": "library",
      "bom-ref": "pkg:maven/org.springframework/spring-aop@4.3.10.RELEASE"
    },
    {
      "name": "org.springframework/spring-beans",
      "version": "4.3.10.RELEASE",
      "purl": "pkg:maven/org.springframework/spring-beans@4.3.10.RELEASE",
      "type": "library",
      "bom-ref": "pkg:maven/org.springframework/spring-beans@4.3.10.RELEASE"
    },
    {
      "name": "org.springframework/spring-context",
      "version": "4.3.10.RELEASE",
      "purl": "pkg:maven/org.springframework/spring-context@4.3.10.RELEASE",
      "type": "library",
      "bom-ref": "pkg:maven/org.springframework/spring-context@4.3.10.RELEASE"
    },
    {
      "name": "org.springframework/spring-core",
      "version": "4.3.10.RELEASE",
      "purl": "pkg:maven/org.springframework/spring-core@4.3.10.RELEASE",
      "type": "library",
      "bom-ref": "pkg:maven/org.springframework/spring-core@4.3.10.RELEASE"
    },
    {
      "name": "org.springframework/spring-expression",
      "version": "4.3.10.RELEASE",
      "purl": "pkg:maven/org.springframework/spring-expression@4.3.10.RELEASE",
      "type": "library",
      "bom-ref": "pkg:maven/org.springframework/spring-expression@4.3.10.RELEASE"
    },
    {
      "name": "org.springframework/spring-jdbc",
      "version": "4.3.10.RELEASE",
      "purl": "pkg:maven/org.springframework/spring-jdbc@4.3.10.RELEASE",
      "type": "library",
      "bom-ref": "pkg:maven/org.springframework/spring-jdbc@4.3.10.RELEASE"
    },
    {
      "name": "org.springframework/spring-tx",
      "version": "4.3.10.RELEASE",
      "purl": "pkg:maven/org.springframework/spring-tx@4.3.10.RELEASE",
      "type": "library",
      "bom-ref": "pkg:maven/org.springframework/spring-tx@4.3.10.RELEASE"
    },
    {
      "name": "org.springframework/spring-web",
      "version": "4.3.10.RELEASE",
      "purl": "pkg:maven/org.springframework/spring-web@4.3.10.RELEASE",
      "type": "library",
      "bom-ref": "pkg:maven/org.springframework/spring-web@4.3.10.RELEASE"
    },
    {
      "name": "org.springframework/spring-webmvc",
      "version": "4.3.10.RELEASE",
      "purl": "pkg:maven/org.springframework/spring-webmvc@4.3.10.RELEASE",
      "type": "library",
      "bom-ref": "pkg:maven/org.springframework/spring-webmvc@4.3.10.RELEASE"
    }
  ]
}
